survey,loc_id,benthic_feeder,pelagic_feeder,surface_feeder,gu,sandeels_presence,fish_presence,velocity,proportion,npoints,tides
1,1,0,0,0,20,0,0,1.643251112,18.25069339,125,ebb
1,10,0,0,0,2,0,0,3.622166338,3.242373912,68,ebb
1,11,0,0,0,5,0,0,3.651491043,3.695955304,69,ebb
1,12,0,0,0,4,0,0,3.70628243,21.03123649,86,ebb
1,13,0,0,0,1,0,0,3.785284739,57.15536909,88,ebb
1,14,0,0,0,12,0,0,2.924315031,5.448849268,97,ebb
1,15,0,0,0,3,0,0,0.854931807,2.805294177,192,ebb
1,16,0,0,0,3,0,0,0.566746766,1.798728521,163,ebb
1,17,0,0,0,4,0,0,0.381740327,2.224271762,122,ebb
1,18,0,0,0,1,0,0,0.322414062,3.037277379,124,ebb
1,19,0,0,0,1,0,0,0.709090209,4.926356655,55,ebb
1,2,0,0,0,2,0,1,2.231819533,4.51711601,210,ebb
1,24,1,0,0,4,0,0,2.042879316,3.354136334,100,ebb
1,25,0,0,1,1,0,0,2.104513899,3.249142699,84,ebb
1,26,1,0,1,4,0,0,2.209560522,3.497302411,159,ebb
1,27,2,2,0,11,0,0,2.145094187,3.222562686,157,ebb
1,28,0,2,0,12,0,0,2.068366305,3.72393571,132,ebb
1,29,0,0,1,9,0,0,2.030579233,4.52220204,130,ebb
1,3,0,0,0,6,0,0,2.662871991,22.89888215,228,ebb
1,30,0,2,0,12,0,0,1.997386714,5.083050611,131,ebb
1,31,0,3,0,1,0,0,2.035548158,30.60283174,136,ebb
1,32,2,2,0,19,0,0,2.101407005,29.22944328,177,ebb
1,33,1,1,0,42,0,0,1.966658295,25.3588277,670,ebb
1,34,4,5,1,42,0,0,1.823400253,29.36251381,905,ebb
1,35,6,6,2,56,0,0,1.668891214,27.9037854,1986,ebb
1,36,0,4,0,20,0,0,1.49095534,41.00067723,141,ebb
1,4,0,0,0,2,0,0,3.058388174,4.707200068,219,ebb
1,5,0,0,0,2,0,0,3.220129936,2.671475718,78,ebb
1,6,0,0,0,2,0,0,3.272886484,1.490200113,62,ebb
1,7,0,0,0,0,0,0,3.319369123,11.96429028,57,ebb
1,8,0,0,0,0,0,0,3.477472904,5.757610385,52,ebb
1,9,0,0,0,12,0,0,3.573248895,2.993803509,57,ebb
10,1,1,0,0,3,0,0,0.362153283,2.23615501,292,flood
10,10,0,0,7,29,0,0,2.330753196,1.873265043,46,flood
10,11,0,0,0,0,0,0,2.189121367,2.766031,49,flood
10,12,0,0,0,0,0,0,2.048181018,1.648951873,55,flood
10,13,0,1,0,0,0,0,1.885971522,1.53274397,67,flood
10,14,0,0,0,1,0,0,1.725505791,1.561703605,86,flood
10,15,0,0,0,5,0,0,1.537400933,4.201636961,179,flood
10,16,0,0,0,2,0,0,1.357601476,3.319348754,187,flood
10,17,0,0,0,2,0,0,1.252582062,1.864426985,130,flood
10,18,0,0,0,0,0,0,1.232547271,2.391448799,144,flood
10,19,0,1,0,6,0,0,1.34227261,2.841564248,210,flood
10,2,0,0,0,1,0,1,0.694831377,33.45233585,185,flood
10,20,0,0,1,0,0,0,1.154094504,6.917389874,366,flood
10,21,0,0,1,1,0,0,1.084219351,3.262387086,279,flood
10,22,0,0,0,0,0,0,1.288275561,3.155279204,196,flood
10,23,0,0,49,1,0,0,1.571549624,3.0913114,165,flood
10,24,0,0,1,2,0,0,1.721773267,3.015308507,146,flood
10,25,0,0,0,7,0,0,1.847022769,3.324112373,134,flood
10,26,0,0,0,16,0,0,2.032243624,3.467983888,125,flood
10,27,0,0,0,0,0,0,2.1211871,3.634327011,90,flood
10,28,0,0,1,1,0,0,2.05247367,3.229713402,97,flood
10,29,0,1,1,0,0,0,2.010289687,19.07430934,134,flood
10,3,0,0,0,1,0,0,3.020848895,29.83254037,105,flood
10,30,1,0,0,0,0,0,1.809105735,44.66385459,132,flood
10,31,0,0,0,0,0,0,1.844017656,30.82425942,128,flood
10,32,0,0,0,0,0,0,1.832811263,15.48714359,194,flood
10,33,0,0,0,1,1,0,1.619876461,6.553282972,254,flood
10,34,0,0,0,5,1,0,1.300929797,7.297634664,301,flood
10,35,4,0,0,1,1,0,0.824046954,5.454065108,296,flood
10,36,0,0,0,2,1,0,0.133802082,2.955299821,1028,flood
10,4,0,0,0,0,0,0,3.305172558,1.639419547,86,flood
10,5,0,0,0,0,0,0,3.061501092,1.443734015,65,flood
10,6,0,0,0,1,0,0,2.831699364,1.558516764,55,flood
10,7,0,0,0,2,0,0,2.6587916,1.37677362,50,flood
10,8,0,0,0,0,0,0,2.560744413,1.425794696,46,flood
10,9,0,0,0,0,0,0,2.455068578,1.502829556,45,flood
11,1,2,0,0,2,0,0,0.4753055,2.53581969,271,flood
11,10,0,0,0,0,0,0,0.869861134,1.38957488,50,flood
11,11,0,0,0,0,0,0,0.937946474,1.429040704,54,flood
11,12,0,0,0,0,0,0,1.080948373,2.244778102,59,flood
11,13,0,0,0,2,0,0,0.991781278,1.481284821,67,flood
11,14,0,0,0,2,0,0,0.89228436,1.52942189,82,flood
11,15,0,0,0,4,0,0,0.799410685,1.76487097,99,flood
11,16,0,0,0,2,0,0,0.739896065,1.672845083,120,flood
11,17,0,0,0,2,0,0,0.695558353,1.49185107,129,flood
11,18,0,5,16,3,0,0,0.597292983,1.816559732,183,flood
11,19,1,0,1,4,1,0,0.588676061,3.042958984,373,flood
11,2,0,0,0,1,0,0,0.857677166,1.534614462,199,flood
11,20,0,0,0,2,0,0,0.773649358,2.988934658,76,flood
11,3,0,0,3,4,0,0,0.789152056,1.35597234,162,flood
11,36,2,1,0,3,1,0,0.068389374,2.882068192,245,flood
11,4,0,1,0,0,0,0,1.441092114,1.464296238,105,flood
11,5,0,0,0,1,0,0,1.293893036,1.417855131,84,flood
11,6,0,0,0,0,0,0,1.106780914,1.333967871,70,flood
11,7,0,0,0,2,0,0,1.010953107,1.326245951,61,flood
11,8,0,0,0,0,0,0,0.949334553,1.255784636,55,flood
11,9,0,0,0,0,0,0,0.911228647,1.324245745,51,flood
12,1,0,0,0,0,0,0,1.160536775,2.545483291,151,ebb
12,10,0,0,0,0,0,0,2.421145429,1.371517857,49,ebb
12,11,0,0,0,2,0,0,2.560412259,1.326967463,54,ebb
12,12,0,0,0,2,0,0,2.799726407,1.37080678,59,ebb
12,13,0,0,0,0,0,0,3.110899284,1.465516403,67,ebb
12,14,0,0,0,11,0,0,3.159793256,1.478572616,86,ebb
12,15,0,0,1,11,0,0,2.176232717,25.62403365,99,ebb
12,16,0,0,0,0,0,0,1.011070634,39.21448388,132,ebb
12,17,0,0,0,4,0,0,0.432619789,2.242573429,184,ebb
12,18,0,0,0,10,0,0,0.271203251,2.590442601,138,ebb
12,19,0,0,0,8,0,0,0.308228025,2.250638528,36,ebb
12,2,0,0,0,1,0,0,1.363576744,1.47580353,117,ebb
12,20,0,0,0,3,0,0,0.72948664,3.441007713,331,ebb
12,21,0,1,0,1,0,0,0.568841558,3.576277403,596,ebb
12,22,0,0,0,0,0,0,0.695387288,3.474684327,443,ebb
12,23,0,0,0,0,0,0,0.877115786,4.984115198,359,ebb
12,24,0,0,0,1,0,0,0.827842808,3.20109335,254,ebb
12,25,0,0,0,0,0,0,0.830642167,3.126579383,206,ebb
12,26,0,0,0,1,0,0,0.915710287,3.024912698,169,ebb
12,27,0,0,0,1,0,0,0.80154794,3.170738535,159,ebb
12,28,0,0,0,1,0,0,0.72298757,3.258264536,151,ebb
12,29,0,0,0,1,0,0,0.737481786,3.199006136,154,ebb
12,3,0,0,0,6,0,0,1.626030055,1.317075073,110,ebb
12,30,2,0,0,5,0,0,0.965400624,3.028252702,161,ebb
12,31,0,0,1,1,0,0,0.894473049,3.27170964,175,ebb
12,32,2,0,0,7,0,0,0.840374232,3.544996477,214,ebb
12,33,18,0,0,5,0,0,0.761095154,4.143190157,280,ebb
12,34,5,1,2,13,1,0,0.701750758,4.648921645,440,ebb
12,35,8,0,3,17,0,0,0.73700583,4.974330768,573,ebb
12,36,0,0,0,0,0,0,0.891186387,3.374570834,338,ebb
12,4,0,0,0,7,0,0,1.945103106,1.346410606,94,ebb
12,5,0,1,0,16,0,0,2.089731723,4.725045747,83,ebb
12,6,0,0,0,2,0,0,2.14304982,1.33942441,61,ebb
12,7,0,0,0,1,0,0,2.182362564,1.355806273,55,ebb
12,8,0,0,0,1,0,0,2.238847347,1.367659102,49,ebb
12,9,0,1,0,1,0,0,2.329597875,1.418609563,48,ebb
13,1,0,0,0,0,0,0,1.525488522,2.615460663,92,ebb
13,10,0,0,0,1,0,0,3.438888756,3.236595489,45,ebb
13,11,0,0,0,0,0,0,3.45510526,2.4558981,50,ebb
13,12,0,0,0,2,0,0,3.44565125,1.591777133,60,ebb
13,13,0,0,0,1,0,0,3.565867689,1.676444054,74,ebb
13,14,2,0,0,0,0,0,3.359703435,7.486889761,138,ebb
13,15,0,1,0,5,0,0,1.552471321,3.452589097,144,ebb
13,16,0,0,0,1,0,0,0.526587673,2.227410899,178,ebb
13,17,0,0,0,3,0,0,0.483267761,1.583632799,134,ebb
13,18,0,0,0,5,0,0,0.237352549,1.952584306,134,ebb
13,19,1,0,0,4,0,0,0.759102771,2.561934849,119,ebb
13,2,0,0,0,12,0,0,2.156876387,2.716868148,142,ebb
13,20,2,1,0,0,0,0,2.277531214,14.41008389,210,ebb
13,21,0,0,1,2,0,0,2.528514918,20.59599617,368,ebb
13,22,0,0,0,2,0,0,2.178634942,6.215714178,208,ebb
13,23,1,1,0,1,0,0,2.274596772,5.652645414,145,ebb
13,24,1,0,0,4,0,0,2.097405254,3.210300298,114,ebb
13,25,0,0,0,2,0,0,2.171004347,2.995937153,98,ebb
13,26,0,0,0,0,0,0,2.158786231,2.976908571,91,ebb
13,27,1,0,0,0,0,0,2.120284545,2.955393351,77,ebb
13,28,0,0,0,8,0,0,2.022022784,3.054601838,74,ebb
13,29,0,1,0,0,0,0,2.021425299,3.039033649,77,ebb
13,3,0,0,0,18,0,0,2.526890702,22.17778294,178,ebb
13,30,0,0,1,1,0,0,2.01554684,2.945438136,81,ebb
13,31,0,0,0,0,0,0,2.050257065,3.074770837,92,ebb
13,32,0,0,2,2,0,0,2.075732933,5.048858908,119,ebb
13,33,1,0,2,16,0,0,1.941205556,12.54713409,270,ebb
13,34,0,0,6,13,0,0,1.858459538,15.6906695,342,ebb
13,35,10,2,2,14,0,0,1.646881298,14.7629594,262,ebb
13,36,0,0,0,35,0,0,1.395334254,4.541963008,126,ebb
13,4,0,0,0,0,0,0,2.991723089,1.588101975,79,ebb
13,5,0,0,0,9,0,0,3.151070014,1.407231563,71,ebb
13,6,0,0,0,0,0,0,3.166370984,1.415275048,62,ebb
13,7,0,0,0,4,1,0,3.186455647,5.222164431,51,ebb
13,8,0,0,0,0,0,0,3.328263735,6.909904265,49,ebb
13,9,0,1,0,0,0,0,3.413110565,1.601130239,46,ebb
14,1,0,0,1,1,0,0,1.333808497,1.466890188,149,ebb
14,10,0,2,0,10,0,0,2.928409423,1.571496635,52,ebb
14,11,0,0,0,0,0,0,2.924221909,4.435329382,55,ebb
14,12,0,0,0,0,0,0,2.9242184,6.916119646,65,ebb
14,13,0,0,0,4,0,0,2.880285207,2.46752031,87,ebb
14,14,0,0,0,1,0,0,1.477636625,2.548186995,182,ebb
14,15,0,0,0,5,0,0,0.550101704,1.788456439,237,ebb
14,16,0,0,0,1,0,0,0.627138022,2.101470051,117,ebb
14,17,0,0,0,0,0,0,0.39418531,2.515554843,108,ebb
14,18,0,0,0,3,0,0,0.326290503,2.962747367,120,ebb
14,19,0,0,0,3,0,0,1.226885169,18.35274304,157,ebb
14,2,0,4,1,6,0,0,1.858926406,1.561811507,138,ebb
14,20,1,0,0,3,0,0,2.724071294,53.48438652,340,ebb
14,21,0,0,0,3,0,0,2.455926113,23.59480951,231,ebb
14,22,0,0,0,11,0,0,2.232497968,5.782016039,284,ebb
14,23,0,0,0,13,0,0,2.407630119,3.860311621,177,ebb
14,24,0,1,0,5,0,0,2.243579173,3.133627576,556,ebb
14,25,0,2,0,21,0,0,2.214138063,3.121434828,725,ebb
14,26,0,0,0,1,0,0,2.246274425,3.455663075,106,ebb
14,27,1,0,0,0,0,0,2.145737904,3.10726567,94,ebb
14,28,0,0,0,2,0,0,2.022105,3.136710639,83,ebb
14,29,1,0,0,7,0,0,1.902819363,3.064459375,80,ebb
14,3,0,2,2,11,0,0,2.207360177,9.66842931,226,ebb
14,30,0,0,0,5,0,0,1.900472846,3.232657736,91,ebb
14,31,0,0,0,8,0,0,1.882742516,3.055534242,95,ebb
14,32,1,2,0,4,0,0,1.840125413,3.043133615,109,ebb
14,33,2,0,0,8,0,0,1.72140226,5.552708024,208,ebb
14,34,4,0,0,11,0,0,1.698567604,13.7802442,323,ebb
14,35,12,0,0,16,0,0,1.563419812,11.28374589,357,ebb
14,36,5,0,1,3,0,0,1.273762916,3.011792523,214,ebb
14,4,0,2,0,1,0,0,2.585118835,1.399164323,127,ebb
14,5,0,0,0,0,0,0,2.774674966,1.415856609,87,ebb
14,6,0,4,0,2,0,0,2.874244697,1.50846153,66,ebb
14,7,0,1,0,1,0,0,2.947647254,1.421983085,59,ebb
14,8,0,0,0,3,0,0,2.876026981,1.344937377,53,ebb
14,9,0,1,0,1,0,1,2.9014332,1.40042916,50,ebb
15,19,0,0,0,1,0,0,0.432525756,3.959109862,94,ebb
15,20,2,1,1,2,1,0,0.473375371,3.63739689,392,ebb
15,21,0,1,1,1,0,0,1.022955369,3.366622564,482,ebb
15,22,0,1,0,7,0,0,0.918213626,3.128284208,443,ebb
15,23,0,0,0,3,0,0,0.930523398,2.963626981,308,ebb
15,24,0,0,0,4,0,0,0.841847682,3.039554125,232,ebb
15,25,0,0,0,0,0,0,0.76038768,3.006052699,193,ebb
15,26,0,0,0,0,0,0,0.741117773,3.044849761,188,ebb
15,27,0,0,0,3,0,0,0.75793253,3.095447606,160,ebb
15,28,0,0,0,0,0,0,0.757882929,3.064349211,161,ebb
15,29,0,0,0,1,0,0,0.654831062,3.052386043,162,ebb
15,30,0,0,0,3,0,0,0.612543938,3.193245058,172,ebb
15,31,0,0,0,4,0,0,0.739717052,3.35999496,198,ebb
15,32,1,0,0,7,0,0,0.749094218,3.326450964,222,ebb
15,33,4,0,0,7,1,0,0.719357957,3.382028942,294,ebb
15,34,0,1,0,2,0,0,0.752446916,3.324475813,107,ebb
16,1,0,0,0,14,1,0,0.398952531,0.948903382,140,flood
16,10,0,0,2,0,0,0,0.71784551,1.52303451,49,flood
16,11,0,0,0,0,0,0,0.570175054,1.6217348,50,flood
16,12,0,0,0,0,0,0,0.611436178,1.579571981,54,flood
16,13,0,0,0,1,0,0,1.045926346,1.593462206,63,flood
16,14,0,0,0,0,0,0,0.919442594,3.631017569,116,flood
16,15,0,0,0,1,0,0,0.697693248,2.402314734,128,flood
16,16,0,0,0,2,0,0,0.41415582,1.981505184,125,flood
16,17,0,0,1,0,0,0,0.243171942,1.874519362,130,flood
16,18,0,0,1,0,0,0,0.157390441,2.229479797,153,flood
16,19,0,0,0,10,0,0,0.123842965,2.695836178,292,flood
16,2,0,0,0,12,0,0,0.228947601,0.846193083,150,flood
16,20,0,0,0,0,0,0,1.424167952,4.369704189,111,flood
16,21,0,0,0,0,0,0,1.493710361,3.078415549,133,flood
16,22,0,0,0,0,0,0,1.519155798,3.005416511,94,flood
16,23,0,0,0,0,0,0,1.65828695,3.12691075,80,flood
16,24,0,0,0,0,0,0,1.514364975,3.569790375,80,flood
16,25,0,0,0,0,0,0,1.600664,3.554863,68,flood
16,26,0,0,0,0,0,0,1.678689516,3.426698781,64,flood
16,27,0,0,0,0,0,0,1.691411265,3.335375706,68,flood
16,28,0,0,0,0,0,0,1.717475817,3.312180756,82,flood
16,29,0,0,0,0,0,0,1.687307382,3.404393211,76,flood
16,3,0,0,0,0,0,0,0.213734335,0.692191841,143,flood
16,30,0,0,0,0,0,0,1.656804937,3.581397253,95,flood
16,31,0,0,0,0,0,0,1.615588219,4.025051354,96,flood
16,32,0,0,0,0,0,0,1.051031282,4.091806378,98,flood
16,33,0,0,0,0,1,0,0.852939176,3.786675508,118,flood
16,34,0,0,0,1,0,0,0.776075347,3.985388671,152,flood
16,35,6,0,0,5,0,0,0.876113676,3.120754106,104,flood
16,36,0,0,0,2,0,0,0.679385985,1.993332775,112,flood
16,4,0,0,0,0,0,0,0.239159854,0.725764853,116,flood
16,5,0,0,0,1,0,0,0.311179661,0.712397252,96,flood
16,6,0,0,1,0,0,0,0.392771062,0.647168594,87,flood
16,7,0,0,0,0,0,0,0.473082228,0.645757969,75,flood
16,8,0,0,0,0,0,0,0.542393433,0.690684933,67,flood
16,9,0,0,0,0,0,0,0.658593037,1.209077083,52,flood
17,1,0,0,0,0,0,0,0.476569628,1.745338505,93,flood
17,10,0,0,0,0,0,0,2.62480876,1.5736388,25,flood
17,11,0,0,0,0,0,0,2.521858929,1.515354964,28,flood
17,12,0,0,0,0,0,0,2.468586241,1.556773345,29,flood
17,13,0,0,0,0,0,0,2.347930265,1.525753382,34,flood
17,14,0,0,0,0,0,0,2.100614736,15.81776791,87,flood
17,15,0,0,0,0,0,0,2.056441033,18.9272793,120,flood
17,16,0,0,0,0,0,0,1.878939728,3.201696596,114,flood
17,17,0,0,0,0,0,0,1.562873887,2.338648649,97,flood
17,18,0,0,0,0,0,0,1.303685938,6.020239897,97,flood
17,19,0,0,0,0,0,0,1.404692015,10.46948521,136,flood
17,2,0,0,0,0,0,0,1.619495283,3.478029309,149,flood
17,20,0,0,0,0,0,0,1.368350819,13.48855514,94,flood
17,3,0,0,0,0,0,0,3.219299911,20.43269529,112,flood
17,4,0,0,0,0,0,0,3.349919119,4.126067847,59,flood
17,5,0,0,0,0,0,0,3.12250731,2.190829548,42,flood
17,6,0,0,0,0,0,0,2.918600424,1.510995636,33,flood
17,7,0,0,0,0,0,0,2.827802607,1.622825107,28,flood
17,8,0,0,0,0,0,0,2.754342379,1.927511655,29,flood
17,9,0,0,0,0,0,0,2.738594731,1.692542077,26,flood
2,19,1,1,0,5,0,0,1.386589864,66.71077978,101,ebb
2,20,3,1,0,16,0,0,2.440535124,64.42982515,563,ebb
2,21,0,3,0,24,0,0,2.46212278,16.19983798,427,ebb
2,22,0,0,0,12,0,0,2.21042129,8.983571838,297,ebb
2,23,0,0,0,5,0,0,2.275359922,8.819488774,257,ebb
2,24,0,2,0,13,0,0,2.287375094,6.06141795,180,ebb
2,25,0,0,0,2,0,0,2.199529342,4.642339865,155,ebb
2,26,0,1,0,12,0,0,2.334438864,3.824736064,140,ebb
2,27,0,0,0,10,0,0,2.192978973,4.877202009,112,ebb
2,28,0,0,0,12,0,0,2.009883301,4.216760285,123,ebb
2,29,0,0,0,15,0,0,2.001065581,3.916290368,117,ebb
2,30,0,2,0,8,0,0,1.979570193,12.08116623,109,ebb
2,31,2,0,0,11,0,0,1.985009659,66.18824049,123,ebb
2,32,2,0,0,3,0,0,1.922103,78.42133096,94,ebb
2,33,1,0,0,5,0,0,1.831370379,73.95411411,95,ebb
2,34,4,0,0,6,0,0,1.691104137,67.71093089,124,ebb
2,35,14,0,0,8,0,0,1.428080041,15.60928076,148,ebb
2,36,2,0,0,1,0,0,1.178773075,8.8494448,40,ebb
22,10,0,0,0,0,0,0,3.861232733,2.041876978,45,ebb
22,11,0,0,0,0,0,0,3.835298729,1.497131188,48,ebb
22,12,0,0,0,0,0,0,3.797128564,9.508257945,55,ebb
22,13,0,0,0,0,0,0,3.806227943,9.482177314,70,ebb
22,14,0,0,0,0,0,0,3.426900456,10.77100603,149,ebb
22,15,0,0,0,0,0,0,0.916300213,6.105820793,270,ebb
22,16,0,0,0,0,0,0,0.819547203,6.593508108,287,ebb
22,17,0,0,0,0,0,0,0.430535274,2.047443788,118,ebb
22,18,0,0,0,0,0,0,0.297487629,2.441680737,118,ebb
22,19,0,0,0,0,0,0,0.647051763,6.546989707,133,ebb
22,2,0,0,0,0,0,0,2.531986,15.22113652,29,ebb
22,20,0,0,0,0,0,0,2.298318369,17.20992062,260,ebb
22,21,0,0,0,0,0,0,2.241429966,18.27901666,264,ebb
22,22,0,0,0,0,0,0,2.11089025,5.644990464,28,ebb
22,3,0,0,0,0,0,0,2.779098107,22.55972288,243,ebb
22,4,0,0,0,0,0,0,3.194613346,2.640478888,107,ebb
22,5,0,0,0,0,0,0,3.435856056,3.689967742,89,ebb
22,6,0,0,0,0,0,0,3.548904969,2.373620231,65,ebb
22,7,0,0,0,0,0,0,3.580942635,7.132929712,52,ebb
22,8,0,0,0,0,0,0,3.713348222,2.797396178,45,ebb
22,9,0,0,0,0,0,0,3.821729767,6.186799256,43,ebb
23,1,0,0,0,0,0,0,1.462570955,1.830812749,179,ebb
23,10,0,0,0,0,0,0,2.63730986,1.527576158,57,ebb
23,11,0,0,0,0,0,0,2.723158953,1.473092594,64,ebb
23,12,0,0,0,0,0,0,2.401238955,1.817656864,66,ebb
23,13,0,0,0,0,0,0,1.482484817,5.604053889,81,ebb
23,14,0,0,0,0,1,0,0.398706008,2.403585544,158,ebb
23,15,0,0,0,0,0,0,0.683153312,4.347595132,220,ebb
23,16,0,0,0,0,0,0,0.594619172,1.720402514,138,ebb
23,17,0,0,0,0,0,0,0.436638746,1.822217421,121,ebb
23,18,0,0,0,0,0,0,0.342213993,2.186115459,135,ebb
23,19,0,0,0,0,0,0,0.372065105,2.649226705,166,ebb
23,2,0,0,0,0,0,0,1.833406248,1.568516288,153,ebb
23,20,0,0,0,0,0,0,1.124710564,3.412743249,201,ebb
23,21,0,0,0,0,0,0,0.980648166,3.206793617,193,ebb
23,22,0,0,0,0,0,0,1.873781097,6.382438121,173,ebb
23,23,0,0,0,0,0,0,1.850971303,4.076226955,132,ebb
23,24,0,0,0,0,0,0,1.830456719,3.372142096,114,ebb
23,25,0,0,0,0,0,0,1.934704465,3.348603395,86,ebb
23,26,0,0,0,0,0,0,1.934783986,3.129639971,70,ebb
23,27,0,0,0,0,0,0,1.88665373,3.084147811,74,ebb
23,28,0,0,0,0,0,0,1.677393224,2.939220987,76,ebb
23,29,0,0,0,0,0,0,1.645522545,2.921254013,77,ebb
23,3,0,0,0,0,0,0,2.120723217,1.443569289,152,ebb
23,30,0,0,0,0,0,0,1.637592012,3.085021074,81,ebb
23,31,0,0,0,0,0,0,1.662663899,3.14748736,89,ebb
23,32,0,0,0,0,0,0,1.637714787,2.991019306,108,ebb
23,33,0,0,0,0,0,0,1.58746912,5.518148,166,ebb
23,34,0,0,0,0,0,0,1.608558165,6.397634555,218,ebb
23,35,0,0,0,0,0,0,1.383649535,4.338800673,202,ebb
23,36,0,0,0,0,0,0,1.156632,2.812007509,214,ebb
23,4,0,0,0,0,1,0,2.05959418,1.460731398,133,ebb
23,5,0,0,0,0,0,0,2.197686049,1.486676366,82,ebb
23,6,0,0,0,0,0,0,2.291882723,1.277660369,65,ebb
23,7,0,0,0,0,0,0,2.372800931,1.25966881,58,ebb
23,8,0,0,0,0,0,0,2.464579482,1.378540429,56,ebb
23,9,0,0,0,0,0,0,2.567653444,1.54163437,54,ebb
24,1,0,0,0,0,0,0,0.311969652,2.079226112,188,ebb
24,22,0,0,0,0,0,0,0.912234437,3.259048686,156,ebb
24,23,0,0,0,0,0,0,0.938647463,3.125971737,190,ebb
24,24,0,0,0,0,0,0,0.910889199,2.999720072,139,ebb
24,25,0,0,0,0,0,0,0.855803701,3.219577755,102,ebb
24,26,0,0,0,0,0,0,0.678228837,2.906752056,90,ebb
24,27,0,0,0,0,0,0,0.553388082,2.924452947,94,ebb
24,28,0,0,0,0,0,0,0.548982792,2.961289407,91,ebb
24,29,0,0,0,0,0,0,0.520179958,2.966596955,89,ebb
24,30,0,0,0,0,0,0,0.529696062,2.961367872,94,ebb
24,31,0,0,0,0,0,0,0.541592007,3.353984056,107,ebb
24,32,0,0,0,0,0,0,0.574711174,3.180132203,128,ebb
24,33,0,0,0,0,0,0,0.513760261,3.232328528,163,ebb
24,34,0,0,0,0,0,0,0.452694933,3.658494628,223,ebb
24,35,0,0,0,0,0,1,0.31934938,4.31341477,257,ebb
24,36,0,0,0,0,1,0,0.267771954,2.888044063,272,ebb
25,1,0,0,0,0,0,0,0.525369481,1.67604318,189,flood
25,10,0,0,0,0,0,0,0.789342541,1.54532909,145,flood
25,11,0,0,0,0,0,0,1.047521378,1.504578544,158,flood
25,12,0,0,0,0,0,0,1.093744709,1.945292475,179,flood
25,13,0,0,0,0,0,0,1.041070448,2.786594819,116,flood
25,17,0,0,0,0,0,0,1.839658342,2.357256842,38,flood
25,18,0,0,0,0,0,0,1.604821411,6.517158442,163,flood
25,19,0,0,0,0,0,0,1.525533458,23.88243435,251,flood
25,2,0,0,0,0,0,0,0.383237904,1.44519368,369,flood
25,20,0,0,0,0,0,0,1.899477474,17.61819357,327,flood
25,21,0,0,0,0,0,0,1.975830616,9.615473174,281,flood
25,22,0,0,0,0,0,0,1.809435134,3.290157657,201,flood
25,23,0,0,0,0,0,0,2.028528173,3.567362612,139,flood
25,24,0,0,0,0,0,0,2.187585669,4.240851967,121,flood
25,25,0,0,0,0,0,0,2.257703809,4.591746573,110,flood
25,26,0,0,0,0,0,0,2.4563945,8.033577431,102,flood
25,27,0,0,0,0,0,0,2.3467169,7.98584245,100,flood
25,28,0,0,0,0,0,0,2.079185865,16.21320903,96,flood
25,29,0,0,0,0,0,0,2.066951729,10.35499264,118,flood
25,3,0,0,0,0,1,0,0.4056507,2.935129928,388,flood
25,30,0,0,0,0,0,0,2.056202681,13.42168138,113,flood
25,31,0,0,0,0,0,0,2.032556873,14.93553208,126,flood
25,32,0,0,0,0,0,0,1.931530595,17.02310197,168,flood
25,33,0,0,0,0,0,0,1.689631732,42.97866946,250,flood
25,34,0,0,0,0,0,0,1.14130438,7.009077696,276,flood
25,35,0,0,0,0,1,0,1.064436473,4.658000408,348,flood
25,36,0,0,0,0,1,0,0.883124109,4.203809026,194,flood
25,4,0,0,0,0,0,0,0.457811093,5.346328992,366,flood
25,5,0,0,0,0,0,0,0.505299132,6.669193224,254,flood
25,6,0,0,0,0,0,0,0.522242968,6.369937644,194,flood
25,7,0,0,0,0,0,0,0.562017687,6.261863159,157,flood
25,8,0,0,0,0,0,0,0.566830463,6.405174708,144,flood
25,9,0,0,0,0,0,0,0.642989494,2.178202782,142,flood
26,1,0,1,0,1,0,0,0.655065954,1.599241209,134,flood
26,10,0,0,0,0,0,0,2.629425412,2.325804529,51,flood
26,11,0,0,0,0,0,0,2.544500481,1.940984712,52,flood
26,12,0,0,0,0,0,0,2.427779617,2.02934325,60,flood
26,13,0,0,1,4,0,0,2.33942127,1.934894851,74,flood
26,14,0,0,0,0,0,0,2.267843442,2.321174758,120,flood
26,15,0,0,0,4,0,0,2.17182623,16.79262376,235,flood
26,16,0,0,0,12,0,0,2.050701291,9.118509597,196,flood
26,17,0,0,0,0,0,0,1.74691798,2.72387866,150,flood
26,18,0,1,0,7,0,0,1.342950365,2.53124125,156,flood
26,19,0,1,0,3,0,0,1.493481799,5.361587333,234,flood
26,2,0,0,0,0,0,0,1.217323129,16.75694959,313,flood
26,20,0,4,0,20,0,0,1.86220242,16.00287114,307,flood
26,21,0,0,1,2,0,0,2.178491439,6.180683973,187,flood
26,22,0,0,0,3,0,0,2.317417174,3.514220347,144,flood
26,23,1,2,0,1,0,0,2.47427533,3.680506339,112,flood
26,24,0,0,0,2,0,0,2.650542602,3.258244909,88,flood
26,25,0,0,2,0,0,0,2.915572763,3.34223735,80,flood
26,26,0,0,0,1,0,0,3.348808482,4.065355422,83,flood
26,27,0,0,0,1,0,0,3.574083756,6.305826384,86,flood
26,28,0,0,0,0,0,0,3.617488519,16.72769402,81,flood
26,29,0,0,0,3,0,0,3.736743802,28.40685734,91,flood
26,3,0,0,2,4,0,0,3.552337794,4.177601651,126,flood
26,30,1,0,0,4,0,0,3.729427559,40.55617422,102,flood
26,31,1,1,0,3,0,0,3.61282875,69.62836197,132,flood
26,32,0,0,0,5,0,0,3.277485299,78.70891988,164,flood
26,33,0,0,0,2,0,0,2.906814315,62.43929374,276,flood
26,34,0,0,0,7,0,0,2.500874962,28.05230547,503,flood
26,35,1,0,1,0,0,0,2.046030479,3.751380763,169,flood
26,36,1,0,0,3,0,0,0.823981629,2.433932693,101,flood
26,4,0,0,1,1,0,0,3.890865747,1.659832169,83,flood
26,5,0,0,0,0,0,0,3.516839048,1.523581222,63,flood
26,6,0,0,0,1,0,0,3.211647652,2.497989909,66,flood
26,7,0,0,0,0,0,0,2.955561712,1.724399085,59,flood
26,8,0,0,0,1,0,0,2.768523566,2.152960698,53,flood
26,9,0,0,0,2,0,0,2.702122865,1.527618019,52,flood
27,1,0,0,0,2,0,0,0.490499183,9.314204729,410,flood
27,10,0,0,0,0,0,0,2.7733965,1.453029971,34,flood
27,11,0,0,0,1,0,0,2.584857162,1.404111595,37,flood
27,12,0,0,0,0,0,0,2.370026233,1.650472674,43,flood
27,13,0,0,0,0,0,0,2.143384055,1.596566927,55,flood
27,14,0,0,0,0,0,0,1.91094995,6.44059475,140,flood
27,15,0,0,0,4,0,0,1.644493642,5.377581114,201,flood
27,16,0,0,0,0,0,0,1.465177533,2.548609092,152,flood
27,17,0,0,0,1,0,0,1.149444763,2.698809,144,flood
27,18,0,5,0,3,0,0,0.694984229,1.995457735,162,flood
27,19,1,2,0,3,0,0,0.756531324,3.104204103,272,flood
27,2,0,0,0,10,0,0,2.564049209,20.7260447,230,flood
27,20,6,0,0,2,1,0,1.086637861,3.378365844,883,flood
27,21,0,0,0,1,0,0,1.284115468,6.311107643,406,flood
27,22,1,0,0,1,0,0,1.448177686,3.222116876,210,flood
27,23,0,1,0,2,0,0,1.71497747,3.251820138,181,flood
27,24,0,2,0,4,0,0,1.823278718,3.368691904,156,flood
27,25,0,4,0,10,0,0,2.065127569,3.265474698,116,flood
27,26,0,2,0,1,0,0,2.294715392,3.151964088,102,flood
27,27,0,1,0,9,0,0,2.431180921,4.121729535,101,flood
27,28,0,3,0,11,0,0,2.459824071,3.971938111,99,flood
27,29,0,1,0,0,0,0,2.473877629,18.4638897,105,flood
27,3,0,0,0,0,0,0,3.802382556,3.101544274,124,flood
27,30,0,0,1,25,0,0,2.570178262,26.46233317,107,flood
27,31,0,1,0,14,0,0,2.474029132,27.58229589,136,flood
27,32,3,2,0,7,0,0,2.283682032,14.51645428,190,flood
27,33,0,0,0,0,0,0,1.92022738,4.043179849,205,flood
27,34,0,0,0,10,0,0,1.622601356,6.619574061,261,flood
27,35,17,0,0,18,0,0,1.368256141,8.876943558,389,flood
27,36,1,3,1,6,1,0,0.35266393,6.094798592,1628,flood
27,4,0,0,0,0,0,0,3.776064231,2.030972795,78,flood
27,5,0,1,0,0,0,0,3.613046017,2.233577254,59,flood
27,6,0,0,0,0,0,0,3.375540646,1.590957563,48,flood
27,7,0,0,0,0,0,0,3.268119026,1.542368923,39,flood
27,8,0,0,0,1,0,0,3.146407371,1.479270314,35,flood
27,9,0,0,0,1,0,0,2.998258029,1.635249353,34,flood
28,1,1,1,0,6,0,0,0.590504343,1.961347513,199,flood
28,10,0,1,4,12,0,0,1.209317453,2.096301469,64,flood
28,11,0,4,9,11,0,0,1.244911609,1.386328922,64,flood
28,12,0,0,0,0,0,0,1.2003285,1.435358914,70,flood
28,13,0,1,2,6,0,0,1.131866111,1.504456988,81,flood
28,14,0,0,0,36,0,0,1.043138313,1.56497056,100,flood
28,15,0,0,3,9,0,0,0.943205194,1.608903373,118,flood
28,16,0,0,0,1,0,0,0.869418489,1.479357844,141,flood
28,17,0,0,0,0,0,0,0.799555636,1.477366628,94,flood
28,2,0,1,1,3,0,0,0.660141372,1.435805713,286,flood
28,3,0,0,0,10,0,0,1.154487703,1.998221089,157,flood
28,30,0,0,0,0,0,0,0.374670714,2.966605634,93,flood
28,31,1,0,0,0,0,0,0.297915321,3.054161373,118,flood
28,32,0,0,0,0,0,0,0.210858104,3.174997083,132,flood
28,33,0,0,0,1,0,0,0.145558875,4.828374443,176,flood
28,34,4,0,0,2,1,0,0.30235629,8.379226483,234,flood
28,35,7,0,0,9,1,0,0.259501247,4.97343483,335,flood
28,36,6,0,0,6,0,0,0.083717856,3.345266013,228,flood
28,4,0,0,0,7,0,0,1.544160485,0.972805001,101,flood
28,5,0,0,1,0,0,0,1.532018,1.233163498,80,flood
28,6,0,0,1,0,0,0,1.355281118,1.285310947,76,flood
28,7,0,0,1,1,0,0,1.226437147,1.367699162,68,flood
28,8,0,0,0,3,0,0,1.157753635,1.390026,63,flood
28,9,0,0,0,2,0,0,1.114869885,1.54878877,61,flood
29,18,0,0,0,0,0,0,0.45648,2.279570111,54,ebb
29,19,22,79,0,267,1,1,0.50630601,3.580078074,877,ebb
29,20,8,27,4,30,1,0,0.87976162,4.262706383,758,ebb
29,21,0,3,0,10,0,0,1.28800708,5.098960541,799,ebb
29,22,0,3,0,2,0,0,1.464863533,5.856099287,889,ebb
29,23,0,3,0,5,0,0,1.283516512,3.384750458,644,ebb
29,24,0,1,1,7,0,0,1.3364736,3.448675472,464,ebb
29,25,0,0,0,0,0,0,1.392358678,3.036124608,378,ebb
29,26,0,0,0,4,0,0,1.383335583,3.172568038,339,ebb
29,27,1,2,0,1,0,0,1.289912008,3.65205233,318,ebb
29,28,1,0,0,3,0,0,1.322502778,4.365050495,305,ebb
29,29,1,2,0,1,0,0,1.318219603,3.151432017,300,ebb
29,30,5,6,0,6,0,0,1.696672868,3.300300621,219,ebb
29,31,0,1,0,0,0,0,1.804711013,3.054677451,235,ebb
29,32,3,3,0,7,0,0,1.834558721,3.119534397,290,ebb
29,33,3,0,0,9,0,0,1.650525956,3.158971329,413,ebb
29,34,0,0,0,0,0,0,1.548724,3.272424,30,ebb
3,3,0,0,0,1,0,0,0.731774939,1.337313102,49,ebb
3,4,0,0,0,10,0,0,0.810391581,1.364295169,130,ebb
3,5,0,0,0,2,0,0,0.855064234,1.308534337,104,ebb
3,6,0,0,0,0,0,0,0.581759764,1.359809735,83,ebb
3,7,0,0,0,0,0,0,0.660343263,1.306852353,51,ebb
30,1,0,0,0,0,0,0,1.501871574,2.204768735,136,ebb
30,10,0,0,0,0,0,0,3.054359087,2.032509587,46,ebb
30,11,0,0,0,0,0,0,3.034165593,1.641954685,54,ebb
30,12,0,0,0,0,0,0,2.998362951,5.948784754,61,ebb
30,13,0,0,0,0,0,0,2.895220978,6.820220273,183,ebb
30,14,0,0,0,0,0,0,2.72525483,21.82261183,364,ebb
30,15,0,0,0,0,0,0,0.436741631,15.4048206,162,ebb
30,16,0,0,0,0,0,0,0.369950962,1.630025088,125,ebb
30,17,0,0,0,0,0,0,0.311279628,4.472243182,88,ebb
30,18,0,0,0,0,0,0,0.202625446,3.026662596,94,ebb
30,19,0,0,0,0,0,0,0.884489736,2.297793966,119,ebb
30,2,0,0,0,0,0,0,1.908874669,1.688887954,130,ebb
30,20,0,0,0,0,0,0,2.621591608,16.63623901,245,ebb
30,21,0,0,0,0,0,0,2.652830973,25.52751013,364,ebb
30,22,0,0,0,0,0,0,2.701159788,28.62783225,250,ebb
30,23,0,0,0,0,0,0,2.464498147,8.050585336,143,ebb
30,24,0,0,0,0,0,0,2.217151138,3.316594899,109,ebb
30,25,0,0,0,0,0,0,2.332769183,3.142168305,82,ebb
30,26,0,0,0,0,0,0,2.380800433,3.12791903,67,ebb
30,27,0,0,0,0,0,0,2.297675054,3.167135036,56,ebb
30,28,0,0,0,0,0,0,2.173983113,3.009755057,53,ebb
30,29,0,0,0,0,0,0,2.104504038,3.397316453,53,ebb
30,3,0,0,0,0,0,0,2.384115161,16.74290752,218,ebb
30,30,0,0,0,0,0,0,2.078940444,3.054438426,54,ebb
30,31,0,0,0,0,0,0,2.100175365,2.95605881,63,ebb
30,32,0,0,0,0,0,0,2.125984791,3.172362104,67,ebb
30,33,0,0,0,0,0,0,1.936871026,3.034354295,78,ebb
30,34,0,0,0,0,0,0,1.670930154,4.080885564,188,ebb
30,35,0,0,0,0,0,0,1.698299787,8.122179855,366,ebb
30,36,0,0,0,0,0,0,1.449510061,2.957116733,165,ebb
30,4,0,0,0,0,0,0,2.636200505,1.477055223,103,ebb
30,5,0,0,0,0,0,0,2.762114067,1.5816377,60,ebb
30,6,0,0,0,0,0,0,2.812448403,1.333181065,62,ebb
30,7,0,0,0,0,0,0,2.803304385,1.736120436,78,ebb
30,8,0,0,0,0,0,0,2.916316852,1.575743328,61,ebb
30,9,0,0,0,0,0,0,3.018768321,1.478097264,53,ebb
31,1,0,0,0,0,0,0,1.857591589,2.159573274,124,ebb
31,10,0,0,0,0,0,0,3.478249531,1.487761063,32,ebb
31,11,0,0,0,0,0,0,3.571651843,1.645621529,51,ebb
31,12,0,0,0,0,0,0,3.553857484,3.050161344,64,ebb
31,13,0,0,0,0,0,0,2.382216789,21.61357319,109,ebb
31,14,0,0,0,0,0,1,0.55401038,1.776924094,180,ebb
31,15,0,0,0,0,0,0,0.349216264,1.687280712,146,ebb
31,16,0,0,0,0,0,0,0.385517802,1.552441155,116,ebb
31,17,0,0,0,0,0,0,0.27627924,2.002430612,103,ebb
31,18,0,0,0,0,1,0,0.248578881,2.49682301,101,ebb
31,19,0,0,0,0,0,0,0.233967434,2.79743165,117,ebb
31,2,0,0,0,0,0,0,2.280244156,11.7229634,141,ebb
31,20,0,0,0,0,0,0,1.933048908,7.787005515,303,ebb
31,21,0,0,0,0,0,0,2.145773114,3.970084059,254,ebb
31,22,0,0,0,0,0,0,1.971002708,3.673032973,185,ebb
31,23,0,0,0,0,0,0,1.912818981,3.005341733,161,ebb
31,24,0,0,0,0,0,0,1.871035659,3.174416789,123,ebb
31,25,0,0,0,0,0,0,1.767045598,3.119899866,112,ebb
31,26,0,0,0,0,0,0,1.825438727,2.92014117,88,ebb
31,27,0,0,0,0,0,0,1.774265974,3.075769658,76,ebb
31,28,0,0,0,0,0,0,1.678247493,3.068388366,71,ebb
31,29,0,0,0,0,0,0,1.600754667,2.928954333,72,ebb
31,3,0,0,0,0,0,0,2.659706903,15.12180127,145,ebb
31,30,0,0,0,0,0,0,1.588740816,2.990295579,76,ebb
31,31,0,0,0,0,0,0,1.481257604,2.976371132,91,ebb
31,32,0,0,0,0,0,0,1.471921687,3.338037424,99,ebb
31,33,0,0,0,0,1,0,1.702133615,5.701588495,91,ebb
31,34,0,0,0,0,0,0,1.783211182,9.102039723,242,ebb
31,35,0,0,0,0,0,0,1.773238048,17.10693347,165,ebb
31,36,0,0,0,0,0,0,1.560916905,5.183658518,137,ebb
31,4,0,0,0,0,0,0,2.975360028,1.95410895,180,ebb
31,5,0,0,0,0,1,1,3.124970521,4.493027128,188,ebb
31,6,0,0,0,0,0,1,3.224257536,1.814058705,112,ebb
31,7,0,0,0,0,0,0,3.285264,1.388948148,61,ebb
31,8,0,0,0,0,0,0,3.33954425,3.730237411,56,ebb
31,9,0,0,0,0,0,0,3.423376058,1.820096038,52,ebb
32,1,0,0,0,0,0,0,1.577249167,1.713399542,168,ebb
32,10,0,0,0,0,0,0,2.529792644,1.351264667,45,ebb
32,11,0,0,0,0,0,0,2.617419898,1.453286061,49,ebb
32,12,0,0,0,0,0,0,2.288124439,2.992960667,57,ebb
32,13,0,0,0,0,0,0,1.430568987,2.283905719,89,ebb
32,14,0,0,0,0,0,0,0.478041424,1.569298815,189,ebb
32,15,0,0,0,0,0,0,0.751631068,1.757967855,145,ebb
32,16,0,0,0,0,0,0,0.543037447,1.524153453,117,ebb
32,17,0,0,0,0,0,0,0.380100411,1.576648446,139,ebb
32,18,0,0,0,0,0,0,0.329360239,1.988624475,183,ebb
32,19,0,0,0,0,0,0,0.525207529,2.630547173,255,ebb
32,2,0,0,0,0,0,0,1.633584974,1.477243543,151,ebb
32,20,0,0,0,0,0,0,0.88637762,3.239301916,335,ebb
32,21,0,0,0,0,0,0,0.997981703,3.131967799,254,ebb
32,22,0,0,0,0,0,0,0.79580401,3.061874156,257,ebb
32,23,0,0,0,0,0,0,0.672991929,2.900268128,133,ebb
32,24,0,0,0,0,0,0,0.643654795,2.824334198,101,ebb
32,25,0,0,0,0,0,1,0.624961072,2.885327375,88,ebb
32,26,0,0,0,0,0,0,0.603639248,2.879883813,80,ebb
32,27,0,0,0,0,0,0,0.583968719,2.916479413,75,ebb
32,28,0,0,0,0,0,0,0.578148003,3.013809639,72,ebb
32,29,0,0,0,0,0,0,0.545247897,2.915760178,73,ebb
32,3,0,0,0,0,0,0,1.857667217,1.348075296,152,ebb
32,30,0,0,0,0,0,0,0.498091362,2.997469167,84,ebb
32,31,0,0,0,0,0,0,0.296354624,3.092080196,97,ebb
32,32,0,0,0,0,0,1,0.291582157,3.32776681,116,ebb
32,33,0,0,0,0,0,0,0.653773798,3.464090669,245,ebb
32,34,0,0,0,0,0,0,0.69874512,4.230000266,406,ebb
32,35,0,0,0,0,0,0,1.084899744,9.501143507,274,ebb
32,36,0,0,0,0,0,0,1.228580767,2.878147909,176,ebb
32,4,0,0,0,0,0,0,2.100223201,1.364565687,134,ebb
32,5,0,0,0,0,0,0,2.187566571,1.322555702,84,ebb
32,6,0,0,0,0,0,0,2.244087526,1.265326877,57,ebb
32,7,0,0,0,0,0,0,2.300150623,1.326900075,53,ebb
32,8,0,0,0,0,0,0,2.381591913,1.310632957,46,ebb
32,9,0,0,0,0,0,0,2.4699294,2.821627289,45,ebb
33,1,0,0,0,0,0,1,0.155050017,1.522178108,457,flood
33,2,0,0,0,0,0,0,0.157087319,0.762185401,462,flood
33,20,0,0,0,0,0,0,1.34300005,4.460773097,238,flood
33,21,0,0,0,0,0,0,1.394909716,1.718453235,204,flood
33,22,0,0,0,0,0,0,1.419090086,1.706545173,162,flood
33,23,0,0,0,0,0,0,1.420326237,1.641821548,135,flood
33,24,0,0,0,0,0,0,1.422225218,1.742737235,119,flood
33,25,0,0,0,0,0,0,1.510877422,1.727741706,109,flood
33,26,0,0,0,0,0,0,1.63645605,1.600994416,101,flood
33,27,0,0,0,0,0,0,1.705084773,1.544087718,110,flood
33,28,0,0,0,0,0,0,1.642819651,1.726094835,109,flood
33,29,0,0,0,0,0,0,1.562377315,1.727890898,108,flood
33,3,0,0,0,0,0,0,0.154398372,0.644642461,109,flood
33,30,0,0,0,0,0,0,1.52183173,1.848860078,115,flood
33,31,0,0,0,0,0,0,1.477137454,1.882693931,130,flood
33,32,0,0,0,0,0,0,0.902562986,1.903306338,160,flood
33,33,0,0,0,0,0,0,0.712966985,1.795610126,198,flood
33,34,0,0,0,0,0,0,0.660864571,2.028838314,255,flood
33,35,0,0,0,0,1,0,0.481244239,3.633032963,594,flood
33,36,0,0,0,0,1,0,0.256828975,2.590016897,587,flood
34,1,0,0,0,0,0,0,0.594924341,1.468748753,272,flood
34,10,0,0,0,0,0,0,2.148340864,0.698943166,59,flood
34,11,0,0,0,0,0,0,2.071322609,0.721000328,64,flood
34,12,0,0,0,0,0,0,2.005732125,0.729476781,80,flood
34,13,0,0,0,0,0,0,2.034335904,0.719833127,94,flood
34,14,0,0,0,0,0,0,2.051238887,0.804731706,106,flood
34,15,0,0,0,0,0,0,1.938258146,12.30727883,144,flood
34,16,0,0,0,0,0,0,1.836103869,10.53769343,175,flood
34,17,0,0,0,0,0,0,1.551290937,1.892417189,189,flood
34,18,0,0,0,0,0,0,1.261030607,2.287002962,211,flood
34,19,0,0,0,0,0,0,1.217033922,4.938847535,243,flood
34,2,0,0,0,0,0,0,2.252051535,3.836571681,228,flood
34,20,0,0,0,0,0,0,1.922215062,21.31276028,226,flood
34,21,0,0,0,0,0,0,2.368019772,3.590382895,228,flood
34,22,0,0,0,0,0,0,2.485260856,6.915015936,264,flood
34,23,0,0,0,0,0,0,2.44851242,3.216898127,181,flood
34,24,0,0,0,0,0,0,2.705180951,3.318380569,123,flood
34,25,0,0,0,0,0,0,3.131690909,3.657554909,99,flood
34,26,0,0,0,0,0,0,3.506530096,4.5787805,94,flood
34,27,0,0,0,0,0,0,3.717957254,12.89844436,130,flood
34,28,0,0,0,0,0,0,3.751027227,65.89004175,97,flood
34,29,0,0,0,0,0,0,3.736827308,34.57352009,107,flood
34,3,0,0,0,0,0,0,2.930176504,4.838720465,133,flood
34,30,0,0,0,0,0,0,3.704125444,81.6185312,108,flood
34,31,0,0,0,0,0,0,3.56461353,83.95442768,151,flood
34,32,0,0,0,0,0,0,3.381523243,83.44702104,202,flood
34,33,0,0,0,0,0,0,3.035661023,88.3683219,258,flood
34,34,0,0,0,0,0,0,2.543530488,78.97513313,252,flood
34,35,0,0,0,0,0,0,2.069947872,69.91258207,352,flood
34,36,0,0,0,0,0,0,0.852236009,27.4579081,260,flood
34,4,0,0,0,0,0,0,2.977916463,2.369389114,95,flood
34,5,0,0,0,0,0,0,2.84159109,0.570359992,78,flood
34,6,0,0,0,0,0,0,2.659336585,0.567966978,65,flood
34,7,0,0,0,0,0,0,2.488474183,0.766974625,60,flood
34,8,0,0,0,0,0,0,2.33778614,0.781846702,57,flood
34,9,0,0,0,0,0,0,2.249867125,0.79621855,56,flood
35,1,0,0,0,0,0,0,0.41670284,5.917135477,438,flood
35,10,0,0,0,0,0,0,2.848747932,0.555539868,44,flood
35,11,0,0,0,0,0,0,2.609036,0.567558457,44,flood
35,12,0,0,0,0,0,0,2.406527667,17.58944643,45,flood
35,13,0,0,0,0,0,0,2.144741055,10.06119578,55,flood
35,14,0,0,0,0,0,0,1.862762588,3.55151109,68,flood
35,15,0,0,0,0,0,0,1.600171753,5.497798596,97,flood
35,16,0,0,0,0,0,0,1.429897135,0.907866685,126,flood
35,17,0,0,0,0,0,0,1.412709034,0.863986251,146,flood
35,18,0,0,0,0,0,0,1.356684139,6.958344852,166,flood
35,19,0,0,0,0,0,0,1.504505521,14.6987757,192,flood
35,2,0,0,0,0,0,0,1.85271346,41.35334533,204,flood
35,20,0,0,0,0,0,0,1.487543044,7.330765333,297,flood
35,21,0,0,0,0,0,0,1.682207815,3.204995482,249,flood
35,22,0,0,0,0,0,0,1.851315704,3.178805123,179,flood
35,23,0,0,0,0,0,0,2.074066382,3.225495007,136,flood
35,24,0,0,0,0,0,0,2.23282788,3.1380668,100,flood
35,25,0,0,0,0,0,0,2.370156064,3.189318234,94,flood
35,26,0,0,0,0,0,0,2.634849592,3.217647316,76,flood
35,27,0,0,0,0,0,0,2.840787051,3.093010342,79,flood
35,28,0,0,0,0,0,0,2.901214337,3.28922214,86,flood
35,29,0,0,0,0,0,0,2.861901653,5.391948021,95,flood
35,3,0,0,0,0,0,0,3.809285768,1.001659725,138,flood
35,30,0,0,0,0,0,0,2.826687543,8.936596619,105,flood
35,31,0,0,0,0,0,0,2.708561252,21.55731824,107,flood
35,32,0,0,0,0,0,0,2.489758316,33.812655,155,flood
35,33,0,0,0,0,0,0,2.082772736,30.72092418,182,flood
35,34,0,0,0,0,0,0,1.930152566,12.5400456,445,flood
35,35,0,0,0,0,0,0,1.426714221,5.038523985,344,flood
35,36,0,0,0,0,0,0,0.389118684,2.711390051,353,flood
35,4,0,0,0,0,0,1,3.924947292,0.526624201,106,flood
35,5,0,0,0,0,0,0,3.732620519,0.514061649,81,flood
35,6,0,0,0,0,0,0,3.46146087,0.496244607,69,flood
35,7,0,0,0,0,0,0,3.318350915,0.495222334,59,flood
35,8,0,0,0,0,0,0,3.200608,0.513516585,52,flood
35,9,0,0,0,0,0,0,3.069956478,0.53646998,46,flood
36,1,0,0,0,0,0,0,0.399236422,0.95166288,327,flood
36,10,0,0,0,0,0,0,1.973646327,0.658377342,55,flood
36,11,0,0,0,0,0,0,1.870638288,0.780996088,59,flood
36,12,0,0,0,0,0,0,1.763841306,0.772955719,62,flood
36,13,0,0,0,0,0,0,1.653341064,0.883755635,78,flood
36,14,0,0,0,0,0,0,1.532946319,0.918458704,91,flood
36,15,0,0,0,0,0,0,1.380510224,1.632172629,107,flood
36,16,0,0,0,0,0,0,1.202840042,0.780423246,119,flood
36,17,0,0,0,0,0,0,1.047073736,0.855974874,133,flood
36,18,0,0,0,0,0,0,0.924011907,1.679191889,161,flood
36,19,0,0,0,0,0,0,1.080577044,2.449756247,267,flood
36,2,0,0,0,0,0,0,0.555813634,0.786226446,259,flood
36,20,0,0,0,0,0,0,0.355654379,1.6775088,340,flood
36,21,0,0,0,0,0,0,0.414726536,1.585560176,261,flood
36,22,0,0,0,0,0,0,0.502013673,1.538368607,211,flood
36,23,0,0,0,0,0,0,0.595604693,1.639388848,178,flood
36,24,0,0,0,0,0,0,0.929589116,1.619611447,150,flood
36,25,0,0,0,0,0,0,1.116215102,1.568231441,118,flood
36,26,0,0,0,0,0,0,1.242435576,1.442783657,99,flood
36,27,0,0,0,0,0,0,1.259135217,1.586120783,92,flood
36,28,0,0,0,0,0,0,1.253799044,1.573156589,90,flood
36,29,0,0,0,0,0,0,1.222253579,1.397530632,95,flood
36,3,0,0,0,0,0,0,1.82457769,2.223165249,225,flood
36,30,0,0,0,0,0,0,1.207129496,1.504770462,119,flood
36,31,0,0,0,0,0,0,1.360575819,1.555961228,149,flood
36,32,0,0,0,0,0,0,1.336714781,1.464177574,169,flood
36,33,0,0,0,0,0,0,1.13626956,1.439625621,206,flood
36,34,0,0,0,0,0,0,0.960454669,1.606544659,255,flood
36,35,0,0,0,0,0,0,0.634757382,1.750438885,321,flood
36,36,0,0,0,0,0,0,0.307659631,1.286511816,364,flood
36,4,0,0,0,0,0,0,2.511959404,0.803256484,114,flood
36,5,0,0,0,0,0,0,2.314166819,0.727887446,83,flood
36,6,0,0,0,0,0,0,2.137326296,0.754944375,71,flood
36,7,0,0,0,0,0,0,2.025513177,0.71174584,62,flood
36,8,0,0,0,0,0,0,1.935311086,0.712738684,58,flood
36,9,0,0,0,0,0,0,2.046079056,0.654129591,54,flood
37,19,0,0,0,0,0,0,0.09755649,1.068942704,469,flood
37,20,0,0,0,0,0,0,0.106528117,1.399920932,44,flood
38,1,0,0,0,0,0,0,1.381767484,0.799435838,281,ebb
38,10,0,0,0,0,0,0,1.889183175,0.609286495,57,ebb
38,11,0,0,0,0,0,0,2.100576871,0.555692626,70,ebb
38,12,0,0,0,0,0,0,2.457812144,0.591760649,90,ebb
38,13,0,0,0,0,0,1,2.865994618,0.815330087,102,ebb
38,14,0,0,0,0,0,0,2.540539182,9.485012725,110,ebb
38,15,0,0,0,0,0,0,1.41108466,49.81184877,106,ebb
38,16,0,0,0,0,0,0,0.647751834,7.005549442,154,ebb
38,17,0,0,0,0,0,0,0.259461423,1.421089622,172,ebb
38,18,0,0,0,0,0,0,0.164451974,1.092383108,127,ebb
38,19,0,0,0,0,0,0,0.078820773,1.166957757,169,ebb
38,2,0,0,0,0,0,0,1.430700416,0.720750976,296,ebb
38,20,0,0,0,0,0,0,0.156891374,1.609640952,332,ebb
38,21,0,0,0,0,0,0,0.205209198,1.487806269,275,ebb
38,22,0,0,0,0,0,0,0.190690417,1.455797305,236,ebb
38,23,0,0,0,0,0,0,0.363300674,1.306866209,225,ebb
38,24,0,0,0,0,0,0,0.541422696,1.259490677,164,ebb
38,25,0,0,0,0,0,0,0.53122114,1.279722724,127,ebb
38,26,0,0,0,0,0,0,0.555078289,1.220737827,110,ebb
38,27,0,0,0,0,0,0,0.531457975,1.199854485,99,ebb
38,28,0,0,0,0,0,0,0.472028944,1.282778558,95,ebb
38,29,0,0,0,0,0,0,0.453460581,1.302768536,97,ebb
38,3,0,0,0,0,0,0,1.433774392,0.604788031,245,ebb
38,30,0,0,0,0,0,0,0.649408827,1.294672581,105,ebb
38,31,0,0,0,0,0,0,0.82108691,1.342089409,115,ebb
38,32,0,0,0,0,0,0,0.807044595,1.434700837,135,ebb
38,33,0,0,0,0,0,0,0.741804298,1.411595298,171,ebb
38,34,0,0,0,0,1,0,0.839930759,1.599060903,236,ebb
38,35,0,0,0,0,0,0,1.016893159,1.985588685,276,ebb
38,36,0,0,0,0,0,0,1.31000184,1.236113828,306,ebb
38,4,0,0,0,0,0,0,1.193425416,0.62469391,156,ebb
38,5,0,0,0,0,0,0,1.020205789,0.576416629,93,ebb
38,6,0,0,0,0,0,0,1.080793686,0.511512207,70,ebb
38,7,0,0,0,0,0,0,1.213494694,0.483868116,62,ebb
38,8,0,0,0,0,0,0,1.472013073,0.516485025,55,ebb
38,9,0,0,0,0,0,0,1.653631364,0.5299247,55,ebb
39,1,0,0,0,3,0,0,1.741985778,1.084613687,126,ebb
39,10,0,0,0,2,0,0,3.431866595,2.897023429,42,ebb
39,11,0,0,0,2,0,0,3.874454321,4.436859038,53,ebb
39,12,0,0,0,0,0,0,3.903608708,3.319516681,72,ebb
39,13,0,0,0,0,0,0,3.160110255,4.062193176,51,ebb
39,14,1,0,0,0,0,0,1.7856816,63.41228765,65,ebb
39,15,0,1,1,2,0,0,0.521041402,1.772339496,121,ebb
39,16,0,3,0,3,0,0,0.411368091,1.59297,129,ebb
39,17,0,0,0,0,0,0,0.38918624,1.520683216,97,ebb
39,18,0,1,0,2,0,0,0.191605017,1.725728065,92,ebb
39,19,0,0,0,0,0,0,0.627518513,1.371355498,117,ebb
39,2,0,3,0,14,0,0,2.151238164,7.095390462,128,ebb
39,20,0,0,1,1,0,0,2.285643266,9.369588581,203,ebb
39,21,0,2,1,6,0,0,2.398208295,7.221641668,220,ebb
39,22,0,0,0,3,0,0,2.184269161,3.793170339,180,ebb
39,23,0,0,0,4,0,0,2.370708827,3.166142027,150,ebb
39,24,0,1,0,8,0,0,2.399734402,3.138943706,102,ebb
39,25,0,0,0,4,0,0,2.255311901,3.052539691,81,ebb
39,26,0,0,1,4,0,0,2.246917682,2.924388439,66,ebb
39,27,1,0,0,0,0,0,2.129294708,3.015506662,65,ebb
39,28,0,1,0,4,0,0,2.044465407,2.980371186,59,ebb
39,29,0,2,1,1,0,0,2.033024293,2.945348603,58,ebb
39,3,0,1,0,3,0,0,2.538631638,19.4243833,138,ebb
39,30,0,1,0,0,0,0,2.053890051,2.943648271,59,ebb
39,31,0,1,0,1,0,0,2.092053718,3.079585592,71,ebb
39,32,0,0,0,2,0,0,2.102810388,3.041333859,85,ebb
39,33,0,0,0,3,0,0,1.917054754,4.200777492,118,ebb
39,34,0,0,0,9,0,0,1.762052422,8.285632337,315,ebb
39,35,0,0,0,6,0,0,1.764282249,10.39953668,422,ebb
39,36,0,0,0,10,0,0,1.589638305,5.869313961,203,ebb
39,4,0,0,0,2,0,0,2.694240258,1.175554713,120,ebb
39,5,0,0,0,2,0,0,2.807462157,3.121500614,70,ebb
39,6,0,0,0,4,0,0,2.934330167,2.112829854,48,ebb
39,7,0,0,0,3,0,0,3.0187572,4.157153775,40,ebb
39,8,0,0,0,0,0,0,3.154844286,3.666425743,35,ebb
39,9,0,2,0,0,0,0,3.262463868,1.728621132,38,ebb
4,10,0,0,2,4,0,0,0.984761479,1.548281721,68,flood
4,11,0,0,15,9,0,0,0.858667819,1.665312925,80,flood
4,12,0,0,0,0,0,0,0.592261559,2.584487314,102,flood
4,13,0,0,0,3,0,0,0.939020725,1.675618904,135,flood
4,14,0,0,0,1,0,0,0.898767074,1.847405549,133,flood
4,15,0,0,0,1,0,0,0.52910522,1.612381704,125,flood
4,16,0,4,0,12,0,0,0.327572854,1.569682258,128,flood
4,17,0,1,6,13,0,0,1.239210205,4.974193724,304,flood
4,18,0,0,0,4,0,0,1.300034075,3.740436813,444,flood
4,19,0,0,0,2,0,0,1.152049337,17.59815914,331,flood
4,20,0,0,0,0,0,0,1.175808511,8.869940838,272,flood
4,21,1,0,0,0,0,0,1.048514637,3.105112628,215,flood
4,22,0,0,0,0,0,0,0.956355373,3.201062927,179,flood
4,23,0,0,0,0,0,0,0.947491554,3.446385845,168,flood
4,24,0,1,0,0,0,0,1.012500144,3.090230416,185,flood
4,25,0,1,0,0,0,0,1.258795824,3.01620647,183,flood
4,26,0,0,0,0,0,0,1.318779898,3.411466431,167,flood
4,27,0,0,0,0,0,0,1.378707999,5.265558542,144,flood
4,28,0,0,0,0,0,0,1.346813081,5.594589173,133,flood
4,29,0,0,0,0,0,0,1.325186467,6.600946822,129,flood
4,30,0,0,0,0,0,0,1.234756947,11.58896473,135,flood
4,31,0,0,1,0,0,0,1.036593799,10.72883122,135,flood
4,32,0,0,0,0,0,0,1.023438322,4.804309248,125,flood
4,33,2,0,0,1,0,0,0.909721257,3.983096946,147,flood
4,34,1,0,0,2,0,0,0.918930279,4.798503503,187,flood
4,35,2,0,1,2,0,0,1.004365913,7.324124251,287,flood
4,36,1,0,1,2,0,0,0.922198794,5.270176165,322,flood
4,7,0,0,0,0,0,0,0.706743138,1.776766286,21,flood
4,8,0,0,0,0,0,0,0.789896272,1.442825045,67,flood
4,9,0,0,0,0,0,0,0.918493417,1.338863848,66,flood
40,1,0,2,0,4,0,0,2.118035819,2.817008438,144,ebb
40,10,0,0,1,0,0,0,3.777226245,4.852115041,49,ebb
40,11,0,0,0,0,0,0,3.895255145,3.145810164,55,ebb
40,12,0,0,0,1,0,0,3.807201156,4.146020734,64,ebb
40,13,0,1,0,1,0,0,2.432969233,36.71418184,90,ebb
40,14,0,2,0,5,0,0,0.649803029,2.069567613,181,ebb
40,15,0,0,3,7,0,0,0.321756149,1.530168773,150,ebb
40,16,0,0,0,0,0,0,0.446444464,1.634901757,115,ebb
40,17,0,0,0,7,0,0,0.299121638,1.938867704,98,ebb
40,18,0,0,0,10,0,0,0.265623606,2.385002846,104,ebb
40,19,1,3,0,6,0,0,0.764202226,2.265711385,117,ebb
40,2,0,2,2,7,0,0,2.565048641,17.24563856,262,ebb
40,20,0,2,1,5,0,0,2.884353731,35.65551765,449,ebb
40,21,0,0,0,25,0,0,2.63100114,41.75140935,271,ebb
40,22,0,2,3,22,0,0,2.463073065,16.55990326,232,ebb
40,23,0,5,1,17,0,0,2.56212651,9.625752469,143,ebb
40,24,0,0,0,29,0,0,2.524634655,4.97423919,116,ebb
40,25,0,0,0,10,0,0,2.437700205,5.29226242,88,ebb
40,26,0,0,0,4,0,0,2.433626342,6.651875301,73,ebb
40,27,0,0,0,1,0,0,2.362340183,4.706012902,82,ebb
40,28,0,1,0,0,0,0,2.242946068,3.425221676,74,ebb
40,29,0,1,0,2,0,0,2.138912425,3.479200603,73,ebb
40,3,0,3,0,9,0,0,2.87491518,5.264351919,161,ebb
40,30,0,0,0,5,0,0,2.106283387,3.78266652,75,ebb
40,31,0,4,1,8,0,0,2.140371874,3.143369747,87,ebb
40,32,0,3,2,4,0,0,2.186006354,3.046004167,96,ebb
40,33,2,1,0,19,0,0,2.02169849,12.84122385,196,ebb
40,34,0,0,4,8,0,0,1.917333086,19.46544513,326,ebb
40,35,18,0,0,22,0,0,1.846788347,17.69890297,458,ebb
40,36,0,3,2,5,0,0,1.719947614,5.339325307,277,ebb
40,4,0,0,0,9,0,0,3.10505127,1.818938603,126,ebb
40,5,0,1,0,16,0,0,3.249611966,2.480739356,87,ebb
40,6,0,0,0,2,0,0,3.348294785,1.549423246,65,ebb
40,7,0,0,0,6,0,0,3.443633269,1.410410731,52,ebb
40,8,0,0,0,0,0,0,3.593653313,1.455957583,48,ebb
40,9,0,0,1,1,0,0,3.72534852,1.47673146,50,ebb
41,1,0,6,4,4,0,0,1.434661239,2.074791273,205,ebb
41,10,0,4,0,9,0,0,2.6199174,1.477952982,55,ebb
41,11,0,0,0,0,0,0,2.684984414,1.545968328,58,ebb
41,12,0,0,0,1,0,0,2.662205368,6.303721789,76,ebb
41,13,0,0,0,2,0,0,1.931485737,5.021077006,179,ebb
41,14,0,0,3,2,0,0,0.350176053,1.559102114,176,ebb
41,15,0,0,0,9,0,0,0.744863065,1.515406982,109,ebb
41,16,0,0,0,2,0,0,0.627171329,1.507356,110,ebb
41,17,0,0,2,4,0,0,0.4236276,1.870883851,121,ebb
41,18,0,1,1,2,0,0,0.299417432,2.17342738,150,ebb
41,19,2,1,0,1,0,0,0.242209472,2.541654923,142,ebb
41,2,0,1,0,26,0,0,1.839375373,2.273556841,201,ebb
41,20,1,1,4,3,0,0,1.870068895,15.21737817,256,ebb
41,21,0,1,8,4,0,0,2.27587242,13.53824583,300,ebb
41,22,0,1,1,11,0,0,2.013221706,5.891620565,170,ebb
41,23,0,2,0,4,0,0,1.877565262,4.05785717,141,ebb
41,24,0,2,1,6,0,0,1.991623807,3.347069833,114,ebb
41,25,0,0,1,7,0,0,1.890126391,3.078569217,92,ebb
41,26,0,2,1,8,0,0,1.864531193,3.012903947,114,ebb
41,27,0,2,1,3,0,0,1.838198363,3.198724462,91,ebb
41,28,0,2,0,5,0,0,1.729247973,4.290957151,73,ebb
41,29,0,3,0,5,0,0,1.736742014,2.990208466,73,ebb
41,3,0,12,0,26,0,0,1.865838359,4.288303528,195,ebb
41,30,0,0,0,3,0,0,1.745381915,3.055144901,71,ebb
41,31,0,0,0,3,0,0,1.726603909,3.644682416,77,ebb
41,32,0,1,0,5,0,1,1.665454245,3.290619367,98,ebb
41,33,0,1,0,6,1,0,1.545511064,1.808454456,125,ebb
41,34,2,1,0,6,1,0,1.411667514,2.048477728,173,ebb
41,35,3,0,4,9,0,0,1.310498265,3.034704924,211,ebb
41,36,4,6,0,12,0,0,1.141268618,2.641554396,212,ebb
41,4,0,0,0,7,0,0,2.068678625,1.383496594,128,ebb
41,5,0,1,1,1,0,1,2.215925043,2.530157978,93,ebb
41,6,0,1,0,9,0,0,2.298903364,3.170775688,77,ebb
41,7,0,0,0,1,0,0,2.362636,1.298427636,66,ebb
41,8,0,1,0,4,0,0,2.469206305,1.486860254,59,ebb
41,9,0,0,0,2,0,0,2.563282614,1.391693035,57,ebb
42,19,17,6,0,4,1,0,0.424183963,2.690449657,204,ebb
42,20,0,1,0,2,0,0,0.869629236,3.386767381,331,ebb
42,21,0,0,0,0,0,0,0.977392884,3.34101123,226,ebb
42,22,0,1,0,1,0,0,0.886490144,3.108276643,213,ebb
42,23,0,1,0,4,0,0,0.669992644,2.856945381,147,ebb
42,24,0,1,0,0,0,0,0.647253913,2.876911547,117,ebb
42,25,0,0,0,0,0,0,0.632573837,2.903558112,89,ebb
42,26,0,2,0,0,0,0,0.625866299,3.039962237,76,ebb
42,27,0,0,0,2,0,0,0.612467482,3.014005042,71,ebb
42,28,0,0,0,1,0,0,0.555509433,2.995802812,69,ebb
42,29,0,0,1,1,0,0,0.519611436,2.990314916,83,ebb
42,30,0,1,0,1,0,0,0.518438049,3.100616121,91,ebb
42,31,0,0,1,1,0,0,0.527568431,3.005986844,109,ebb
42,32,0,2,0,2,0,0,0.486472867,3.121335598,132,ebb
42,33,0,1,2,6,0,0,0.309516893,3.328722244,164,ebb
42,34,6,0,1,5,0,0,0.326682547,4.542114824,221,ebb
42,35,21,1,0,23,1,0,0.30988717,8.227192008,593,ebb
42,36,0,0,0,0,1,0,0.2943602,4.489387558,43,ebb
5,1,0,6,0,8,0,0,1.420894291,3.31884512,117,ebb
5,10,0,0,0,3,0,0,3.409209302,1.505858968,63,ebb
5,11,0,0,0,2,0,0,3.346463486,1.546712797,74,ebb
5,12,0,0,0,4,0,0,3.275727,1.683909804,97,ebb
5,13,0,0,0,3,0,1,3.263326514,6.380417876,105,ebb
5,14,0,0,0,1,0,0,3.132458,19.46403083,12,ebb
5,17,0,0,0,2,0,0,0.845978065,1.527489569,253,ebb
5,18,0,0,0,0,0,0,0.765351259,1.720744858,212,ebb
5,19,0,1,0,4,0,0,2.320054603,25.47517603,300,ebb
5,2,0,8,0,7,0,0,1.952591881,1.629932178,101,ebb
5,20,0,0,2,3,0,0,2.920570437,15.84243824,414,ebb
5,21,0,0,0,26,0,0,2.693542631,10.88437094,314,ebb
5,22,0,10,0,29,0,0,2.372023354,5.177195985,206,ebb
5,23,0,0,1,14,0,0,2.395191651,3.235718313,166,ebb
5,24,0,0,0,2,0,0,2.255736708,3.147828234,137,ebb
5,25,0,1,0,5,0,0,2.303868854,3.064600634,123,ebb
5,26,0,0,0,4,0,0,2.223060546,3.053890412,119,ebb
5,27,0,0,0,9,0,0,2.156683511,3.199635348,92,ebb
5,28,0,2,0,4,0,0,2.055809865,3.012649854,89,ebb
5,29,0,0,0,4,0,0,2.033968954,3.101616391,87,ebb
5,3,0,5,0,16,0,1,2.472331332,12.58097523,202,ebb
5,30,0,0,0,7,0,0,2.024516953,3.002899215,107,ebb
5,31,1,4,0,4,0,0,2.132286394,3.280703413,104,ebb
5,32,0,1,0,9,0,0,2.171826285,17.83722942,130,ebb
5,33,1,2,0,8,0,0,2.018880253,29.18424776,170,ebb
5,34,2,0,0,8,0,0,1.851694046,30.99083863,219,ebb
5,35,26,2,0,14,0,0,1.633790582,22.25115383,282,ebb
5,36,0,1,0,21,0,0,1.375520587,4.230302755,196,ebb
5,4,0,1,0,11,0,0,2.907633126,2.203212429,238,ebb
5,5,0,2,0,5,0,0,3.108436439,1.348283846,123,ebb
5,6,0,2,0,3,0,0,3.226118232,1.665385549,82,ebb
5,7,0,0,0,2,0,0,3.345933735,1.469455309,68,ebb
5,8,0,0,0,1,0,0,3.5158527,1.686718233,60,ebb
5,9,0,0,0,5,0,0,3.615723017,1.532166254,59,ebb
6,1,0,2,0,2,0,0,0.704805809,2.331871571,126,ebb
6,10,0,0,0,1,0,0,1.648642492,1.31233054,63,ebb
6,11,0,1,2,0,0,0,1.680908,1.487931639,72,ebb
6,12,0,0,0,0,0,0,1.645434,1.330571,1,ebb
6,14,0,1,0,4,0,0,2.052690668,7.809091866,134,ebb
6,15,0,1,0,12,0,0,0.598838991,1.610511713,251,ebb
6,16,0,0,0,1,0,0,0.776935783,1.721302167,156,ebb
6,17,0,0,0,6,0,0,0.460253412,1.995204045,133,ebb
6,18,0,4,0,12,0,0,0.302550604,2.199972254,130,ebb
6,19,1,6,0,8,0,0,0.40894039,2.556263179,151,ebb
6,2,0,3,0,5,0,0,1.046548056,1.462504862,145,ebb
6,20,0,0,3,11,0,0,1.529478804,3.55752351,198,ebb
6,21,1,0,0,18,0,0,1.544485201,3.401093826,407,ebb
6,22,0,1,0,8,0,0,1.451236423,3.192788781,260,ebb
6,23,0,1,0,2,0,0,1.509682598,2.96592474,169,ebb
6,24,0,1,1,3,0,0,1.408122143,3.02681423,126,ebb
6,25,0,0,0,5,0,0,1.305952513,3.026820452,115,ebb
6,26,0,0,0,0,0,0,1.14617051,2.941932442,104,ebb
6,27,0,0,0,2,0,0,1.098100198,3.096341642,120,ebb
6,28,0,0,0,3,0,0,1.161427462,3.004118702,104,ebb
6,29,0,1,0,5,0,0,1.204718253,3.065543209,91,ebb
6,3,0,0,0,4,0,0,1.040775617,1.335086952,145,ebb
6,30,0,0,0,6,0,0,1.216216023,2.97087825,88,ebb
6,31,0,0,0,5,0,0,1.192721219,3.266816313,96,ebb
6,32,0,0,0,3,0,0,1.13442776,3.573232446,121,ebb
6,33,0,2,0,8,0,0,1.062367975,3.497456506,160,ebb
6,34,6,0,0,7,0,0,0.774133265,3.982252684,209,ebb
6,35,4,0,0,17,0,0,0.814260442,4.409964694,193,ebb
6,36,0,0,0,22,0,0,0.643107076,3.145432365,126,ebb
6,4,0,4,0,5,0,0,1.149585741,1.40073759,139,ebb
6,5,0,0,0,8,0,0,1.286663537,1.363418158,95,ebb
6,6,0,1,0,3,0,0,1.354518645,1.279069276,76,ebb
6,7,0,0,0,6,0,0,1.420365,1.262101735,68,ebb
6,8,0,1,0,0,0,0,1.508015645,1.308787,62,ebb
6,9,0,0,0,3,0,0,1.588150836,1.342726246,61,ebb
7,12,0,0,0,1,0,0,1.139662222,1.421981931,116,ebb
7,13,0,0,0,1,0,0,0.43763402,1.521532459,133,ebb
7,14,0,5,0,0,0,0,0.728732503,1.597332722,108,ebb
7,15,0,1,2,2,0,0,0.458431355,1.557503375,96,ebb
7,16,0,0,1,2,0,0,0.178878466,1.506566959,98,ebb
7,17,0,0,0,4,0,0,0.14213087,1.678541873,118,ebb
7,18,0,0,0,4,0,0,0.13357276,1.930537059,136,ebb
7,19,1,0,0,25,0,0,0.0489141,2.519439597,139,ebb
7,20,6,0,0,16,0,0,0.155649343,3.090458353,184,ebb
8,1,0,0,2,8,0,0,0.393682348,1.979103204,280,flood
8,10,0,0,0,0,0,0,1.996695309,1.353729671,152,flood
8,11,0,0,0,0,0,0,1.944167013,1.375293452,155,flood
8,12,0,0,0,5,0,0,1.852417581,1.424696523,172,flood
8,13,0,2,0,5,0,0,1.833588109,1.495762505,202,flood
8,14,0,0,0,8,0,0,1.797014531,1.58609974,292,flood
8,2,0,1,0,8,0,0,1.048199665,13.09366495,282,flood
8,20,0,0,0,4,0,0,1.723954926,4.670497752,222,flood
8,21,1,6,0,4,0,0,1.369341278,3.674963864,530,flood
8,22,0,1,7,9,0,0,1.378240129,3.279288245,380,flood
8,23,0,6,1,37,0,0,1.858343572,5.273070869,374,flood
8,24,0,9,0,31,0,0,2.164357578,15.16512755,356,flood
8,25,0,4,2,11,0,0,2.291176305,19.24542007,264,flood
8,26,0,1,5,8,0,0,2.311665259,21.32767875,203,flood
8,27,0,1,0,1,0,0,2.477529505,32.04169132,202,flood
8,28,0,3,1,2,0,0,2.352759083,46.99829881,183,flood
8,29,1,3,0,0,0,0,2.179210854,45.77120697,192,flood
8,3,0,0,0,14,0,0,1.865446178,11.34357492,264,flood
8,30,2,0,0,1,0,0,2.2108778,52.0970265,209,flood
8,31,1,1,1,3,0,0,2.00228684,53.41918674,228,flood
8,32,1,0,0,3,1,0,1.99929378,50.66959558,269,flood
8,33,5,0,0,13,0,0,1.66230386,41.42472407,322,flood
8,34,4,3,0,30,1,0,1.314274675,37.25023294,451,flood
8,35,12,3,2,16,1,0,1.102719758,18.46534724,608,flood
8,36,2,4,1,20,1,1,0.718593825,3.380607777,507,flood
8,4,0,1,8,2,0,0,2.162899704,4.612055985,260,flood
8,5,0,0,3,0,0,0,2.099996756,2.630036876,193,flood
8,6,0,0,0,2,0,0,1.994742056,1.410896031,162,flood
8,7,0,0,6,0,0,0,1.895303582,1.319629993,153,flood
8,8,0,1,0,1,0,0,1.848237354,3.607978973,147,flood
8,9,0,0,0,1,0,0,2.023592152,1.599082036,138,flood
9,1,0,0,1,0,0,0,0.513693589,2.402080583,187,flood
9,10,0,0,0,0,0,0,2.723688511,1.310654511,45,flood
9,11,0,0,0,1,0,0,2.549922143,1.49833749,49,flood
9,12,0,0,0,0,0,0,2.395474889,1.372386333,54,flood
9,13,0,0,0,10,0,0,2.275839154,1.519419292,65,flood
9,14,0,0,0,1,0,0,2.144986976,1.468471573,82,flood
9,15,0,0,0,2,0,0,1.97893092,4.720964472,212,flood
9,16,0,0,0,3,0,0,1.816009543,4.351912394,208,flood
9,17,0,2,0,1,0,0,1.697035898,1.520880477,128,flood
9,18,0,6,1,4,0,0,1.641370858,1.929167468,141,flood
9,19,0,1,0,0,0,0,1.764195888,5.469678673,223,flood
9,2,0,0,19,0,0,0,1.303323348,4.7568367,180,flood
9,20,0,1,0,2,0,0,1.905289482,8.979473286,276,flood
9,21,0,2,2,0,0,0,2.135901436,3.647556498,211,flood
9,22,0,0,0,3,0,0,2.308012674,3.253530486,175,flood
9,23,0,3,0,2,0,0,2.559862952,3.288611492,124,flood
9,24,0,0,0,0,0,0,2.767098394,4.362701291,127,flood
9,25,0,1,0,2,0,0,3.09404367,3.009497286,91,flood
9,26,0,0,0,0,0,0,3.369938978,8.001947622,90,flood
9,27,0,0,0,0,0,0,3.507804722,6.318283133,90,flood
9,28,0,0,0,1,0,0,3.493570125,20.88126514,88,flood
9,29,0,0,0,0,0,0,3.423189948,37.21460286,97,flood
9,3,0,0,0,0,0,0,3.890865802,47.13215569,131,flood
9,30,0,0,0,4,0,0,3.401863371,73.96770957,116,flood
9,31,1,0,5,1,0,0,3.255882338,84.1235331,145,flood
9,32,0,2,0,4,0,0,3.020653545,83.25217864,154,flood
9,33,1,0,0,5,0,0,2.641141238,88.40584528,231,flood
9,34,0,0,0,2,0,0,2.182392305,85.94122908,249,flood
9,35,0,0,1,4,0,0,1.632941746,43.43991593,295,flood
9,36,0,0,0,2,1,0,0.442754729,4.007687144,209,flood
9,4,0,0,0,0,0,0,4.117284795,41.0988414,73,flood
9,5,0,0,0,0,0,0,3.704798492,1.521275607,61,flood
9,6,0,0,0,0,0,0,3.361758667,1.450396167,54,flood
9,7,0,0,0,0,0,0,3.154880327,1.475202735,49,flood
9,8,0,0,0,0,0,0,3.031864333,1.588975111,45,flood
9,9,0,0,0,0,0,0,2.889941705,1.439863432,44,flood
